id,model_name,manufacturer_name,vehicle_type_id
1,Grand Vitara,SUZUKI,1
2,Expedition,FORD,1
3,F150,FORD,1
4,Mountaineer,MERCURY,1
5,Navigator,LINCOLN,1
6,Mazda 3,MAZDA,1
7,CX-5,MAZDA,1
8,Protege,MAZDA,1
9,MPV,MAZDA,1
10,Santa FE,HYUNDAI,1
11,Sedona,KIA,1
12,Sorento,KIA,1
13,MX-5,MAZDA,1
14,Altima,NISSAN,1
15,Q45,INFINITI,1
16,Premacy,MAZDA,1
17,626,MAZDA,1
18,Escort,FORD,1
19,Cougar,MERCURY,1
20,Mystique,MERCURY,1
21,Ranger,FORD,1
22,B-serie,MAZDA,1
23,Sable,MERCURY,1
24,Taurus,FORD,1
25,Passport,HONDA,1
26,Trooper,ISUZU,1
27,Monterey,OPEL,1
28,Optima,KIA,1
29,Tucson,HYUNDAI,1
30,Sportage,KIA,1
31,Tracker,CHEVROLET,1
32,Vitara,SUZUKI,1
33,Esteem,SUZUKI,1
34,Sonata,HYUNDAI,1
35,Cr-v,HONDA,1
36,Cougar,FORD,1
37,Zafira,OPEL,1
38,106,PEUGEOT,1
39,Lanos,DAEWOO,1
40,C 300,MERCEDES-BENZ,1
41,325,BMW,1
42,328,BMW,1
43,330,BMW,1
44,335,BMW,1
45,318,BMW,1
46,320,BMW,1
47,Grand Cherokee,JEEP,1
48,Forester,SUBARU,1
49,4Runner,TOYOTA,1
50,Camry,TOYOTA,1
51,Land Cruiser,TOYOTA,1
52,LX 450,LEXUS,1
53,Tacoma,TOYOTA,1
54,Corolla,TOYOTA,1
55,Soarer,TOYOTA,1
56,ES 300,LEXUS,1
57,RX 330,LEXUS,1
58,RX 350,LEXUS,1
59,RX 450,LEXUS,1
60,X5,BMW,1
61,X6,BMW,1
62,RAV 4,TOYOTA,1
63,Accord,HONDA,1
64,ILX,ACURA,1
65,Leganza,DAEWOO,1
66,Rodeo,ISUZU,1
67,Forenza,SUZUKI,1
68,"E 2000,2200 Bus",MAZDA,1
69,Focus,FORD,1
70,Mariner,MERCURY,1
71,300,CHRYSLER,1
72,Charger,DODGE,1
73,Civic,HONDA,1
74,RSX,ACURA,1
75,S40,VOLVO,1
76,X-Terra,NISSAN,1
77,Frontier,NISSAN,1
78,Trailblazer,CHEVROLET,1
79,Envoy,GMC,1
80,H3,HUMMER,1
81,Airtrek,MITSUBISHI,1
82,Galant,MITSUBISHI,1
83,X-Trail,NISSAN,1
84,FX35,INFINITI,1
85,FX37,INFINITI,1
86,Magentis,KIA,1
87,Mazda 6,MAZDA,1
88,CX-7,MAZDA,1
89,Mazda 5,MAZDA,1
90,Elantra,HYUNDAI,1
91,Eclipse,MITSUBISHI,1
92,Mirage,MITSUBISHI,1
93,GS 400,LEXUS,1
94,Cayenne,PORSCHE,1
95,Q7,AUDI,1
96,Delica,MITSUBISHI,1
97,Espace,RENAULT,1
98,Laguna,RENAULT,1
99,Megane,RENAULT,1
100,Scenic,RENAULT,1
101,Trafic,RENAULT,1
102,Vivaro,OPEL,1
103,Clio,RENAULT,1
104,Kangoo,RENAULT,1
105,A 170,MERCEDES-BENZ,1
106,Primera,NISSAN,1
107,Twingo,RENAULT,1
108,Sharan,VOLKSWAGEN,1
109,Xsara,CITROEN,1
110,406,PEUGEOT,1
111,Voyager,CHRYSLER,1
112,Corsa,OPEL,1
113,206,PEUGEOT,1
114,Berlingo,CITROEN,1
115,Evasion,CITROEN,1
116,ZX,CITROEN,1
117,306,PEUGEOT,1
118,316,BMW,1
119,307,PEUGEOT,1
120,Xantia,CITROEN,1
121,806,PEUGEOT,1
122,A 160,MERCEDES-BENZ,1
123,147,ALFA ROMEO,1
124,156,ALFA ROMEO,1
125,Doblo,FIAT,1
126,Punto,FIAT,1
127,Stilo,FIAT,1
128,Lybra,LANCIA,1
129,525,BMW,1
130,Golf,VOLKSWAGEN,1
131,407,PEUGEOT,1
132,E 240,MERCEDES-BENZ,1
133,Micra,NISSAN,1
134,19,RENAULT,1
135,Polo,VOLKSWAGEN,1
136,607,PEUGEOT,1
137,Lupo,VOLKSWAGEN,1
138,45,ROVER,1
139,C 220,MERCEDES-BENZ,1
140,Trans Sport,PONTIAC,1
141,Vectra,OPEL,1
142,Carisma,MITSUBISHI,1
143,Astra,OPEL,1
144,A4,AUDI,1
145,166,ALFA ROMEO,1
146,Atos,HYUNDAI,1
147,530,BMW,1
148,Lancer,MITSUBISHI,1
149,730,BMW,1
150,Pajero,MITSUBISHI,1
151,Montero,MITSUBISHI,1
152,RX 400,LEXUS,1
153,IS-F,LEXUS,1
154,G35,INFINITI,1
155,Sienna,TOYOTA,1
156,Brava,FIAT,1
157,Galaxy,FORD,1
158,Matrix,HYUNDAI,1
159,Modus,RENAULT,1
160,Safrane,RENAULT,1
161,Terracan,HYUNDAI,1
162,Legacy,SUBARU,1
163,Outback,SUBARU,1
164,GL 500,MERCEDES-BENZ,1
165,INSIGNIA,OPEL,1
166,Cruze,CHEVROLET,1
167,Vue,SATURN,1
168,Tracer,MERCURY,1
169,Cavalier,CHEVROLET,1
170,S-10 Pickup,CHEVROLET,1
171,Sonoma,GMC,1
172,Wrangler,JEEP,1
173,Stratus,DODGE,1
174,207,PEUGEOT,1
175,Land Cruiser Prado,TOYOTA,1
176,E 200,MERCEDES-BENZ,1
177,E 250,MERCEDES-BENZ,1
178,E 300,MERCEDES-BENZ,1
179,E 350,MERCEDES-BENZ,1
180,E 400,MERCEDES-BENZ,1
181,650,BMW,1
182,740,BMW,1
183,750,BMW,1
184,760,BMW,1
185,640,BMW,1
186,FJ Cruiser,TOYOTA,1
187,IS 300,LEXUS,1
188,Cooper,MINI,1
189,L 200,MITSUBISHI,1
190,S 63 AMG,MERCEDES-BENZ,1
191,Galloper,HYUNDAI,1
192,Carina,TOYOTA,1
193,540,BMW,1
194,A6,AUDI,1
195,F250,FORD,1
196,FIT,HONDA,1
197,MDX,ACURA,1
198,ZDX,ACURA,1
199,Integra,ACURA,1
200,Ridgeline,HONDA,1
201,LX 470,LEXUS,1
202,Sequoia,TOYOTA,1
203,Outlander,MITSUBISHI,1
204,LX 570,LEXUS,1
205,B9 Tribeca,SUBARU,1
206,Escape,FORD,1
207,Impreza,SUBARU,1
208,Rogue,NISSAN,1
209,Neon,CHRYSLER,1
210,Liberty,JEEP,1
211,Caravan,DODGE,1
212,xB,SCION,1
213,200,ROVER,1
214,535,BMW,1
215,G 280,MERCEDES-BENZ,1
216,G 300,MERCEDES-BENZ,1
217,G 320,MERCEDES-BENZ,1
218,G 400,MERCEDES-BENZ,1
219,G 500,MERCEDES-BENZ,1
220,G 550,MERCEDES-BENZ,1
221,Sentra,NISSAN,1
222,Tiida,NISSAN,1
223,ML 350,MERCEDES-BENZ,1
224,Juke,NISSAN,1
225,E 320,MERCEDES-BENZ,1
226,Touareg,VOLKSWAGEN,1
227,Cube,NISSAN,1
228,Versa,NISSAN,1
229,Montero Sport,MITSUBISHI,1
230,Armada,NISSAN,1
231,QX56,INFINITI,1
232,S 65 AMG,MERCEDES-BENZ,1
233,ML 63 AMG,MERCEDES-BENZ,1
234,CL 65 AMG,MERCEDES-BENZ,1
235,C5,CITROEN,1
236,Patrol,NISSAN,1
237,Maxima,NISSAN,1
238,Pathfinder,NISSAN,1
239,QX4,INFINITI,1
240,S 55,MERCEDES-BENZ,1
241,120,BMW,1
242,Trajet,HYUNDAI,1
243,Kalos,DAEWOO,1
244,E 220,MERCEDES-BENZ,1
245,PT Cruiser,CHRYSLER,1
246,V70,VOLVO,1
247,Master,RENAULT,1
248,Movano,OPEL,1
249,Carnival,KIA,1
250,C8,CITROEN,1
251,807,PEUGEOT,1
252,C 200,MERCEDES-BENZ,1
253,Logan,RENAULT,1
254,Yaris,TOYOTA,1
255,KA,FORD,1
256,C-MAX,FORD,1
257,C3,CITROEN,1
258,C2,CITROEN,1
259,C4,CITROEN,1
260,Fiesta,FORD,1
261,Celica,TOYOTA,1
262,Partner,PEUGEOT,1
263,600,ROVER,1
264,Note,NISSAN,1
265,400,ROVER,1
266,H1,HYUNDAI,1
267,RX-8,MAZDA,1
268,A3,AUDI,1
269,Space Star,MITSUBISHI,1
270,IS 220,LEXUS,1
271,IS 250,LEXUS,1
272,IS 350,LEXUS,1
273,Mark X,TOYOTA,1
274,GS 300,LEXUS,1
275,Supra,TOYOTA,1
276,Matiz,DAEWOO,1
277,Malibu,CHEVROLET,1
278,Prius,TOYOTA,1
279,Almera,NISSAN,1
280,Countryman,MINI,1
281,XKR,JAGUAR,1
282,XJ,JAGUAR,1
283,XF,JAGUAR,1
284,Land Rover,LAND ROVER,1
285,LR4,LAND ROVER,1
286,Z4,BMW,1
287,116,BMW,1
288,118,BMW,1
289,130,BMW,1
290,135,BMW,1
291,128,BMW,1
292,114,BMW,1
293,123,BMW,1
294,125,BMW,1
295,Omega,OPEL,1
296,Agila,OPEL,1
297,25,ROVER,1
298,X1,BMW,1
299,Murano,NISSAN,1
300,Elysion,HONDA,1
301,ML 320,MERCEDES-BENZ,1
302,Matiz,CHEVROLET,1
303,Cuore,DAIHATSU,1
304,323,MAZDA,1
305,Kalos,CHEVROLET,1
306,190,MERCEDES-BENZ,1
307,Wagon R+,SUZUKI,1
308,Accent,HYUNDAI,1
309,Materia,DAIHATSU,1
310,City Coupe,SMART,1
311,Fox,VOLKSWAGEN,1
312,Tigra,OPEL,1
313,"",MERCEDES-BENZ,1
314,318,SKODA,1
315,900,SAAB,1
316,Mondeo,FORD,1
317,Cinquecento,FIAT,1
318,Baleno,SUZUKI,1
319,March,NISSAN,1
320,Combo,OPEL,1
321,Passat,VOLKSWAGEN,1
322,C 180,MERCEDES-BENZ,1
323,Vito,MERCEDES-BENZ,1
324,A 180,MERCEDES-BENZ,1
325,I10,HYUNDAI,1
326,Scorpio,FORD,1
327,Rabbit,VOLKSWAGEN,1
328,Toledo,SEAT,1
329,Panda,FIAT,1
330,Felicia,SKODA,1
331,V40,VOLVO,1
332,V90 Kombi,VOLVO,1
333,Fabia,SKODA,1
334,Jazz,HONDA,1
335,S 500,MERCEDES-BENZ,1
336,Caddy,VOLKSWAGEN,1
337,550,BMW,1
338,Colt,MITSUBISHI,1
339,75,ROVER,1
340,A 140,MERCEDES-BENZ,1
341,A 150,MERCEDES-BENZ,1
342,A 190,MERCEDES-BENZ,1
343,A 200,MERCEDES-BENZ,1
344,A 210,MERCEDES-BENZ,1
345,A 220,MERCEDES-BENZ,1
346,A 250,MERCEDES-BENZ,1
347,A45 AMG,MERCEDES-BENZ,1
348,Passo,TOYOTA,1
349,Aerio,SUZUKI,1
350,Octavia,SKODA,1
351,Avalon,TOYOTA,1
352,Avensis,TOYOTA,1
353,Aygo,TOYOTA,1
354,Crown,TOYOTA,1
355,Gaia,TOYOTA,1
356,Harrier,TOYOTA,1
357,Highlander,TOYOTA,1
358,Mark II,TOYOTA,1
359,Vitz,TOYOTA,1
360,Ist,TOYOTA,1
361,Noah,TOYOTA,1
362,Fortuner,TOYOTA,1
363,Fun Cargo,TOYOTA,1
364,ISIS,TOYOTA,1
365,Hilux Surf,TOYOTA,1
366,Alphard,TOYOTA,1
367,Aqua,TOYOTA,1
368,MR2,TOYOTA,1
369,CHR,TOYOTA,1
370,Prius C,TOYOTA,1
371,Prius V,TOYOTA,1
372,Yaris iA,TOYOTA,1
373,Prius Prime,TOYOTA,1
374,Liberty,NISSAN,1
375,Serena,NISSAN,1
376,S 550,MERCEDES-BENZ,1
377,G 55 AMG,MERCEDES-BENZ,1
378,G 230,MERCEDES-BENZ,1
379,G 270,MERCEDES-BENZ,1
380,G 290,MERCEDES-BENZ,1
381,G 350,MERCEDES-BENZ,1
382,CL 500,MERCEDES-BENZ,1
383,CT 200h,LEXUS,1
384,418,BMW,1
385,420,BMW,1
386,425,BMW,1
387,428,BMW,1
388,430,BMW,1
389,435,BMW,1
390,440,BMW,1
391,Hilux,TOYOTA,1
392,GS 450,LEXUS,1
393,GS 350,LEXUS,1
394,S60,VOLVO,1
395,Justy,SUBARU,1
396,520,BMW,1
397,S 600,MERCEDES-BENZ,1
398,Sprinter,MERCEDES-BENZ,1
399,Transit,FORD,1
400,C 350,MERCEDES-BENZ,1
401,CLS 350,MERCEDES-BENZ,1
402,ML 400,MERCEDES-BENZ,1
403,S 350,MERCEDES-BENZ,1
404,GLE 350,MERCEDES-BENZ,1
405,GL 350,MERCEDES-BENZ,1
406,GLE 400,MERCEDES-BENZ,1
407,S 320,MERCEDES-BENZ,1
408,735,BMW,1
409,745,BMW,1
410,528,BMW,1
411,C 250,MERCEDES-BENZ,1
412,GL 450,MERCEDES-BENZ,1
413,R 350,MERCEDES-BENZ,1
414,CLS 55 AMG,MERCEDES-BENZ,1
415,CL 55 AMG,MERCEDES-BENZ,1
416,GLK 350,MERCEDES-BENZ,1
417,545,BMW,1
418,X3,BMW,1
419,645,BMW,1
420,Transporter,VOLKSWAGEN,1
421,S 430,MERCEDES-BENZ,1
422,GLE 450 AMG,MERCEDES-BENZ,1
423,GLE 63 AMG,MERCEDES-BENZ,1
424,GLS 350,MERCEDES-BENZ,1
425,GLS 450 AMG,MERCEDES-BENZ,1
426,GLS 63 AMG,MERCEDES-BENZ,1
427,GLE 250,MERCEDES-BENZ,1
428,GLE 43 AMG,MERCEDES-BENZ,1
429,GLS 550,MERCEDES-BENZ,1
430,GLS 600,MERCEDES-BENZ,1
431,GLE 53,MERCEDES-BENZ,1
432,GLS 400d,MERCEDES-BENZ,1
433,Range Rover,LAND ROVER,1
434,Clubman,MINI,1
435,X2,BMW,1
436,Renegade,JEEP,1
437,Compass,JEEP,1
438,X7,BMW,1
439,IX,BMW,1
440,C 280,MERCEDES-BENZ,1
441,Sintra,OPEL,1
442,E 280,MERCEDES-BENZ,1
443,Chariot,MITSUBISHI,1
444,Space Wagon,MITSUBISHI,1
445,Qashqai,NISSAN,1
446,Skyline,NISSAN,1
447,Previa,TOYOTA,1
448,Estima,TOYOTA,1
449,Vento,VOLKSWAGEN,1
450,Touran,VOLKSWAGEN,1
451,Signum,OPEL,1
452,IS 200,LEXUS,1
453,Altezza,TOYOTA,1
454,Duster,RENAULT,1
455,Frontera,OPEL,1
456,525,MERCEDES-BENZ,1
457,Seicento,FIAT,1
458,Mazda 2,MAZDA,1
459,605,PEUGEOT,1
460,SX4,SUZUKI,1
461,C 230,MERCEDES-BENZ,1
462,C 240,MERCEDES-BENZ,1
463,C 320,MERCEDES-BENZ,1
464,E 270,MERCEDES-BENZ,1
465,ML 270,MERCEDES-BENZ,1
466,ML 430,MERCEDES-BENZ,1
467,ML 500,MERCEDES-BENZ,1
468,S 280,MERCEDES-BENZ,1
469,S 300,MERCEDES-BENZ,1
470,G 63 AMG,MERCEDES-BENZ,1
471,Kluger,TOYOTA,1
472,Sirion,DAIHATSU,1
473,80,AUDI,1
474,523,BMW,1
475,146,ALFA ROMEO,1
476,155,ALFA ROMEO,1
477,Coupe,FIAT,1
478,Tempra,FIAT,1
479,Tipo,FIAT,1
480,Calibra,OPEL,1
481,3008,PEUGEOT,1
482,C3 Aircross,CITROEN,1
483,Insight,HONDA,1
484,GS 430,LEXUS,1
485,"",LEXUS,1
486,100,AUDI,1
487,Hiace,TOYOTA,1
488,E 230,MERCEDES-BENZ,1
489,E 260,MERCEDES-BENZ,1
490,E 500,MERCEDES-BENZ,1
491,Antara,OPEL,1
492,CC,VOLKSWAGEN,1
493,Bassara,NISSAN,1
494,Bluebird,NISSAN,1
495,Prairie,NISSAN,1
496,Presage,NISSAN,1
497,Teana,NISSAN,1
498,Urvan,NISSAN,1
499,Wingroad,NISSAN,1
500,Navara,NISSAN,1
501,Atlas,NISSAN,1
502,Equator,SUZUKI,1
503,C 43 AMG,MERCEDES-BENZ,1
504,C 400,MERCEDES-BENZ,1
505,C 450 AMG,MERCEDES-BENZ,1
506,GLC 220,MERCEDES-BENZ,1
507,GLC 250,MERCEDES-BENZ,1
508,GLC 300,MERCEDES-BENZ,1
509,GLC 350,MERCEDES-BENZ,1
510,GLC 43 AMG,MERCEDES-BENZ,1
511,E 450,MERCEDES-BENZ,1
512,GLC 300 Coupe,MERCEDES-BENZ,1
513,Meriva,OPEL,1
514,IX35,HYUNDAI,1
515,A8,AUDI,1
516,tC,SCION,1
517,Mustang,FORD,1
518,Camaro,CHEVROLET,1
519,Corvette,CHEVROLET,1
520,Fuso Canter,MITSUBISHI,1
521,Captiva,CHEVROLET,1
522,Murcielago,LAMBORGHINI,1
523,Jetta,VOLKSWAGEN,1
524,Getz,HYUNDAI,1
525,Terios,DAIHATSU,1
526,Veloster,HYUNDAI,1
527,21,GAZ,1
528,FR-V,HONDA,1
529,Stream,HONDA,1
530,Edix,HONDA,1
531,EL,ACURA,1
532,Dualis,NISSAN,1
533,Matrix,TOYOTA,1
534,GX 470,LEXUS,1
535,GX 460,LEXUS,1
536,Elgrand,NISSAN,1
537,Alto,SUZUKI,1
538,Odyssey,HONDA,1
539,Demio,MAZDA,1
540,Terrano,NISSAN,1
541,20,GAZ,1
542,Viano,MERCEDES-BENZ,1
543,Tundra,TOYOTA,1
544,Durango,DODGE,1
545,Land Rover Sport,LAND ROVER,1
546,350Z,NISSAN,1
547,Cedric,NISSAN,1
548,President,NISSAN,1
549,Stagea,NISSAN,1
550,Fuga,NISSAN,1
551,I30,INFINITI,1
552,I35,INFINITI,1
553,M35,INFINITI,1
554,RS4,AUDI,1
555,Alhambra,SEAT,1
556,Cordoba,SEAT,1
557,Ibiza,SEAT,1
558,Leon,SEAT,1
559,Superb,SKODA,1
560,Bora,VOLKSWAGEN,1
561,NEW Beetle,VOLKSWAGEN,1
562,Escalade,CADILLAC,1
563,Genesis,HYUNDAI,1
564,H2,HUMMER,1
565,Transit Connect,FORD,1
566,Ipsum,TOYOTA,1
567,Maverick,FORD,1
568,Tribute,MAZDA,1
569,WINDSTAR,FORD,1
570,Explorer,FORD,1
571,Fusion,FORD,1
572,S 400,MERCEDES-BENZ,1
573,CLS 500,MERCEDES-BENZ,1
574,Neon,DODGE,1
575,S-type,JAGUAR,1
576,Pajero IO,MITSUBISHI,1
577,Ypsilon,LANCIA,1
578,Turneo Custom,FORD,1
579,Phedra,LANCIA,1
580,Quest,NISSAN,1
581,159,ALFA ROMEO,1
582,Cooper S Cabrio,MINI,1
583,Range Rover Evoque,LAND ROVER,1
584,340,BMW,1
585,HS 250h,LEXUS,1
586,Sierra,FORD,1
587,Hr-v,HONDA,1
588,Pilot,HONDA,1
589,Step Wagon,HONDA,1
590,RX 300,LEXUS,1
591,ES 350,LEXUS,1
592,ES 330,LEXUS,1
593,Atenza,MAZDA,1
594,Axela,MAZDA,1
595,Verisa,MAZDA,1
596,ASX,MITSUBISHI,1
597,Outlander Sport,MITSUBISHI,1
598,XV,SUBARU,1
599,Carry,SUZUKI,1
600,Jimny,SUZUKI,1
601,KEI,SUZUKI,1
602,Liana,SUZUKI,1
603,Swift,SUZUKI,1
604,Kizashi,SUZUKI,1
605,Escudo,SUZUKI,1
606,Caldina,TOYOTA,1
607,Wish,TOYOTA,1
608,VOXY,TOYOTA,1
609,Auris,TOYOTA,1
610,Verso,TOYOTA,1
611,FX45,INFINITI,1
612,M37,INFINITI,1
613,FX50,INFINITI,1
614,MX-3,MAZDA,1
615,Edge,FORD,1
616,Sunny,NISSAN,1
617,Tino,NISSAN,1
618,Transit Custom,FORD,1
619,Expert,PEUGEOT,1
620,Jumpy,CITROEN,1
621,Scudo,FIAT,1
622,21,RENAULT,1
623,Saxo,CITROEN,1
624,Cobalt,CHEVROLET,1
625,Equinox,CHEVROLET,1
626,HHR,CHEVROLET,1
627,Regal,BUICK,1
628,Aura,SATURN,1
629,Lon,SATURN,1
630,Sky,SATURN,1
631,Solstice,PONTIAC,1
632,G5,PONTIAC,1
633,G6,PONTIAC,1
634,TERRAIN,GMC,1
635,A7,AUDI,1
636,B 170,MERCEDES-BENZ,1
637,Q5,AUDI,1
638,A5,AUDI,1
639,XL7,SUZUKI,1
640,Vel Satis,RENAULT,1
641,Tiburon,HYUNDAI,1
642,Cerato,KIA,1
643,440 K,VOLVO,1
644,Bravo,FIAT,1
645,REXTON,SSANGYONG,1
646,Q50,INFINITI,1
647,Grand HIACE,TOYOTA,1
648,Granvia,TOYOTA,1
649,QX60,INFINITI,1
650,370Z,NISSAN,1
651,Sebring,CHRYSLER,1
652,Dion,MITSUBISHI,1
653,Discovery,LAND ROVER,1
654,408,MOSKVICH,1
655,YRV,DAIHATSU,1
656,Duet,TOYOTA,1
657,Grandis,MITSUBISHI,1
658,TL,ACURA,1
659,RVR,MITSUBISHI,1
660,Cami,TOYOTA,1
661,WRX,SUBARU,1
662,RIO,KIA,1
663,LAFESTA,NISSAN,1
664,SOUL,KIA,1
665,Leaf,NISSAN,1
666,CX-9,MAZDA,1
667,FAMILIA WAGON,MAZDA,1
668,RDX,ACURA,1
669,L 300,MITSUBISHI,1
670,G20,INFINITI,1
671,Safari,NISSAN,1
672,Altis,DAIHATSU,1
673,Corona,TOYOTA,1
674,City,HONDA,1
675,Carens,KIA,1
676,Clarus,KIA,1
677,Xedos 6,MAZDA,1
678,Xedos 9,MAZDA,1
679,Cherokee,JEEP,1
680,M5,BMW,1
681,Seville,CADILLAC,1
682,CLK 200,MERCEDES-BENZ,1
683,Commander,JEEP,1
684,T5,VOLKSWAGEN,1
685,CRX,HONDA,1
686,Sigma,MITSUBISHI,1
687,LS 460,LEXUS,1
688,Crosstrek,SUBARU,1
689,218,BMW,1
690,Ceed,KIA,1
691,CLS 63 AMG,MERCEDES-BENZ,1
692,E 63 AMG,MERCEDES-BENZ,1
693,C 63 AMG,MERCEDES-BENZ,1
694,LS,LINCOLN,1
695,850,VOLVO,1
696,S 560,MERCEDES-BENZ,1
697,X4,BMW,1
698,X6 M,BMW,1
699,X5 M,BMW,1
700,i3,BMW,1
701,Aveo,CHEVROLET,1
702,H1,HUMMER,1
703,5,RENAULT,1
704,CLS 550,MERCEDES-BENZ,1
705,Roadster,TESLA,1
706,Model S,TESLA,1
707,Model X,TESLA,1
708,Model 3,TESLA,1
709,Model Y,TESLA,1
710,Caliber,DODGE,1
711,Pacifica,CHRYSLER,1
712,Kuga,FORD,1
713,Kicks,NISSAN,1
714,500 Abarth,FIAT,1
715,Orion,FORD,1
716,Tourneo Connect,FORD,1
717,CTS,CADILLAC,1
718,Raum,TOYOTA,1
719,Challenger,DODGE,1
720,518,BMW,1
721,728,BMW,1
722,Spark,CHEVROLET,1
723,Concorde,CHRYSLER,1
724,Intrepid,DODGE,1
725,Stratus,CHRYSLER,1
726,Town and Country,CHRYSLER,1
727,Move,DAIHATSU,1
728,Marea,FIAT,1
729,Y,LANCIA,1
730,Delta,LANCIA,1
731,MiTo,ALFA ROMEO,1
732,618,ROVER,1
733,620,ROVER,1
734,Freelander,LAND ROVER,1
735,B 200,MERCEDES-BENZ,1
736,GLE 450,MERCEDES-BENZ,1
737,Evanda,CHEVROLET,1
738,Evanda,DAEWOO,1
739,Corsa,BMW,1
740,315,BMW,1
741,323,BMW,1
742,324,BMW,1
743,320 Gran Turismo,BMW,1
744,Routan,VOLKSWAGEN,1
745,T4,VOLKSWAGEN,1
746,ML 450,MERCEDES-BENZ,1
747,Feroza,DAIHATSU,1
748,fortwo,SMART,1
749,Tiguan,VOLKSWAGEN,1
750,ML 280,MERCEDES-BENZ,1
751,Shuttle,HONDA,1
752,Coupe,HYUNDAI,1
753,Picanto,KIA,1
754,Elf,ISUZU,2
755,C 36 AMG,MERCEDES-BENZ,1
756,CLK 320,MERCEDES-BENZ,1
757,ML 230,MERCEDES-BENZ,1
758,Crafter,VOLKSWAGEN,1
759,Titan,NISSAN,1
760,90,AUDI,1
761,Pride,KIA,1
762,Arosa,SEAT,1
763,145,ALFA ROMEO,1
764,308,PEUGEOT,1
765,NX 300,LEXUS,1
766,460 L,VOLVO,1
767,Blazer,CHEVROLET,1
768,Jimmy,GMC,1
769,Dakota,DODGE,1
770,Element,HONDA,1
771,TSX,ACURA,1
772,Favorit,SKODA,1
773,Applause,DAIHATSU,1
774,Charade,DAIHATSU,1
775,VehiCross,ISUZU,1
776,Vibe,PONTIAC,1
777,628,BMW,1
778,630,BMW,1
779,C 270,MERCEDES-BENZ,1
780,CLK 220,MERCEDES-BENZ,1
781,CLK 270,MERCEDES-BENZ,1
782,CLK 500,MERCEDES-BENZ,1
783,E 430,MERCEDES-BENZ,1
784,CLS 320,MERCEDES-BENZ,1
785,ML 550,MERCEDES-BENZ,1
786,Courier,FORD,1
787,XC90,VOLVO,1
788,Taunus,FORD,1
789,121,MAZDA,1
790,Allroad,AUDI,1
791,S4,AUDI,1
792,Multipla,FIAT,1
793,Croma,FIAT,1
794,C6,CITROEN,1
795,Roomster,SKODA,1
796,A1,AUDI,1
797,Ducato,FIAT,1
798,TT,AUDI,1
799,GLK 200,MERCEDES-BENZ,1
800,GLK 250,MERCEDES-BENZ,1
801,GLK 300,MERCEDES-BENZ,1
802,GLK 320,MERCEDES-BENZ,1
803,S 450,MERCEDES-BENZ,1
804,One,MINI,1
805,Paceman,MINI,1
806,ML 300,MERCEDES-BENZ,1
807,9-3,SAAB,1
808,Boxer,PEUGEOT,1
809,Forfour,SMART,1
810,Picnic,TOYOTA,1
811,Epica,CHEVROLET,1
812,Impala,CHEVROLET,1
813,Silverado,CHEVROLET,1
814,Sonic,CHEVROLET,1
815,Tahoe,CHEVROLET,1
816,M3,BMW,1
817,QX70,INFINITI,1
818,Q70,INFINITI,1
819,524,BMW,1
820,QX30,INFINITI,1
821,JX35,INFINITI,1
822,Lacetti,CHEVROLET,1
823,Nubira,CHEVROLET,1
824,Lacetti,DAEWOO,1
825,Nubira,DAEWOO,1
826,Titan,MAZDA,1
827,210,MERCEDES-BENZ,1
828,B 250,MERCEDES-BENZ,1
829,Vaneo,MERCEDES-BENZ,1
830,V 220,MERCEDES-BENZ,1
831,V 230,MERCEDES-BENZ,1
832,V 280,MERCEDES-BENZ,1
833,Nexia,DAEWOO,1
834,Volt,CHEVROLET,1
835,Ampera,OPEL,1
836,Jumper,CITROEN,1
837,Zeta,LANCIA,1
838,I30,HYUNDAI,1
839,911,PORSCHE,1
840,Cr-v,PEUGEOT,1
841,Integra,HONDA,1
842,EX37,INFINITI,1
843,EX35,INFINITI,1
844,CSX,ACURA,1
845,i40,HYUNDAI,1
846,i20,HYUNDAI,1
847,Ioniq,HYUNDAI,1
848,Creta,HYUNDAI,1
849,kona,HYUNDAI,1
850,Forte,KIA,1
851,Niro,KIA,1
852,LS 600,LEXUS,1
853,GTI,VOLKSWAGEN,1
854,T6,VOLKSWAGEN,1
855,Taos,VOLKSWAGEN,1
856,C 160,MERCEDES-BENZ,1
857,Besta,KIA,1
858,Rocsra,KIA,1
859,S 420,MERCEDES-BENZ,1
860,Panamera,PORSCHE,1
861,Axiom,ISUZU,1
862,Wizard,ISUZU,1
863,Z3,BMW,1
864,Azera,HYUNDAI,1
865,Minicub,MITSUBISHI,1
866,B 220,MERCEDES-BENZ,1
867,CLA 200,MERCEDES-BENZ,1
868,CLA 250,MERCEDES-BENZ,1
869,Ghibli,MASERATI,1
870,Rush,TOYOTA,1
871,L 400,MITSUBISHI,1
872,Acadiane,CITROEN,1
873,500,FIAT,1
874,Hijet Track,DAIHATSU,1
875,Mira,DAIHATSU,1
876,Millenia,MAZDA,1
877,Ingis,SUZUKI,1
878,5008,PEUGEOT,1
879,Clio,OPEL,1
880,RS6,AUDI,1
881,Grandeur,HYUNDAI,1
882,K5,KIA,1
883,E 60 AMG,MERCEDES-BENZ,1
884,Elantra GT,HYUNDAI,1
885,GLS 450,MERCEDES-BENZ,1
886,Daily,IVECO,2
887,Patriot,JEEP,1
888,3CX,JCB,2
889,NX 200,LEXUS,1
890,CX-3,MAZDA,1
891,Verossa,TOYOTA,1
892,Legend,HONDA,1
893,UX 200,LEXUS,1
894,UX250h,LEXUS,1
895,Splash,SUZUKI,1
896,Airwave,HONDA,1
897,Aristo,TOYOTA,1
898,Nadia,TOYOTA,1
899,Ractis,TOYOTA,1
900,Sienta,TOYOTA,1
901,Space Runner,MITSUBISHI,1
902,Ignis,SUZUKI,1
903,Samurai,SUZUKI,1
904,Sx4 Cross,SUZUKI,1
905,CR-Z,HONDA,1
906,Crossroad,HONDA,1
907,Crosstour,HONDA,1
908,Atrai/extol,DAIHATSU,1
909,Exiga,SUBARU,1
910,GLA 250,MERCEDES-BENZ,1
911,500X,FIAT,1
912,Pajero Sport,MITSUBISHI,1
913,ML 55 AMG,MERCEDES-BENZ,1
914,Century,TOYOTA,1
915,Rocky,DAIHATSU,1
916,Blade,TOYOTA,1
917,IQ,TOYOTA,1
918,RC F,LEXUS,1
919,Korando,SSANGYONG,1
920,MUSSO,SSANGYONG,1
921,Dokker,RENAULT,1
922,Town Car,LINCOLN,1
923,Paseo,TOYOTA,1
924,Endeavor,MITSUBISHI,1
925,Brera,ALFA ROMEO,1
926,Spider,ALFA ROMEO,1
927,Orlando,CHEVROLET,1
928,GTC,OPEL,1
929,9-5,SAAB,1
930,Lacrose,BUICK,1
931,Verano,BUICK,1
932,Slingshot,POLARIS,1
933,Karma,FISKER,1
934,S5,AUDI,1
935,RS5,AUDI,1
936,SRX,CADILLAC,1
937,STS,CADILLAC,1
938,Traverse,CHEVROLET,1
939,Acadia,GMC,1
940,DE Ville,CADILLAC,1
941,Aviator,LINCOLN,1
942,Cadenza,KIA,1
943,Tiggo7,CHERY,1
944,A2,AUDI,1
945,LC 500,LEXUS,1
946,GS 460,LEXUS,1
947,Datsun,NISSAN,1
948,BB,TOYOTA,1
949,Actyon,SSANGYONG,1
950,Bongo,MAZDA,1
951,X-type,JAGUAR,1
952,Freed,HONDA,1
953,Vista,TOYOTA,1
954,Corrado,VOLKSWAGEN,1
955,Pick UP,NISSAN,1
956,Cabstar,NISSAN,1
957,G37,INFINITI,1
958,M45,INFINITI,1
959,M56,INFINITI,1
960,Q60,INFINITI,1
961,QX50,INFINITI,1
962,QX80,INFINITI,1
963,EX30,INFINITI,1
964,S2000,HONDA,1
965,M6,BMW,1
966,530d Gran Turismo,BMW,1
967,535i Gran Turismo,BMW,1
968,550i Gran Turismo,BMW,1
969,LS 400,LEXUS,1
970,GLA 350,MERCEDES-BENZ,1
971,GLA 200,MERCEDES-BENZ,1
972,macan,PORSCHE,1
973,Regius,TOYOTA,1
974,Campo,OPEL,1
975,Nitro,DODGE,1
976,Cayman,PORSCHE,1
977,Giulietta,ALFA ROMEO,1
978,K2700,KIA,1
979,SL 55 AMG,MERCEDES-BENZ,1
980,SL 500,MERCEDES-BENZ,1
981,220,BMW,1
982,740,VOLVO,1
983,760,VOLVO,1
984,940,VOLVO,1
985,960,VOLVO,1
986,S90,VOLVO,1
987,Eos,VOLKSWAGEN,1
988,Arteon,VOLKSWAGEN,1
989,500L,FIAT,1
990,ECHO,TOYOTA,1
991,Colt Lancer,MITSUBISHI,1
992,FTO,MITSUBISHI,1
993,Legnum,MITSUBISHI,1
994,Minica,MITSUBISHI,1
995,Toppo,MITSUBISHI,1
996,C70,VOLVO,1
997,S70,VOLVO,1
998,Multivan,VOLKSWAGEN,1
999,Solaris,HYUNDAI,1
1000,Progres,TOYOTA,1
1001,Challenger,MITSUBISHI,1
1002,Pulsar,NISSAN,1
1003,GT 86,TOYOTA,1
1004,BRZ,SUBARU,1
1005,Q3,AUDI,1
1006,Turneo,FORD,1
1007,Quattroporte,MASERATI,1
1008,208,PEUGEOT,1
1009,840,BMW,1
1010,Copen,DAIHATSU,1
1011,Musa,LANCIA,1
1012,S80,VOLVO,1
1013,XC60,VOLVO,1
1014,C30,VOLVO,1
1015,V60,VOLVO,1
1016,S-max,FORD,1
1017,Concerto,HONDA,1
1018,Lantra,HYUNDAI,1
1019,MX-6,MAZDA,1
1020,CLK 230,MERCEDES-BENZ,1
1021,CL 600,MERCEDES-BENZ,1
1022,CL 550,MERCEDES-BENZ,1
1023,CL 320,MERCEDES-BENZ,1
1024,Venza,TOYOTA,1
1025,GLA 180,MERCEDES-BENZ,1
1026,GLA 220,MERCEDES-BENZ,1
1027,NV200,NISSAN,1
1028,F-pace,JAGUAR,1
1029,500e,FIAT,1
1030,MKT,LINCOLN,1
1031,2106,VAZ,1
1032,2107,VAZ,1
1033,Avalanche,CHEVROLET,1
1034,Spectra,KIA,1
1035,200,CHRYSLER,1
1036,MKZ,LINCOLN,1
1037,GL 550,MERCEDES-BENZ,1
1038,IS 460,LEXUS,1
1039,DIO,HONDA,3
1040,DT 125,YAMAHA,3
1041,2121,VAZ,1
1042,xD,SCION,1
1043,LS 430,LEXUS,1
1044,XF105,DAF,1
1045,214,BMW,1
1046,216,BMW,1
1047,225,BMW,1
1048,228,BMW,1
1049,Trax,CHEVROLET,1
1050,ML 420,MERCEDES-BENZ,1
1051,ML 250,MERCEDES-BENZ,1
1052,MKX,LINCOLN,1
1053,XC70,VOLVO,1
1054,S8,AUDI,1
1055,S7,AUDI,1
1056,R 280,MERCEDES-BENZ,1
1057,R 320,MERCEDES-BENZ,1
1058,R 500,MERCEDES-BENZ,1
1059,V 200,MERCEDES-BENZ,1
1060,Wagoneer,JEEP,1
1061,ColtPlus,MITSUBISHI,1
1062,Celsior,TOYOTA,1
1063,Cefiro,NISSAN,1
1064,RAM,DODGE,1
1065,Journey,DODGE,1
1066,Yukon,GMC,1
1067,SLK 200,MERCEDES-BENZ,1
1068,SLK 230,MERCEDES-BENZ,1
1069,SLK 320,MERCEDES-BENZ,1
1070,SLK 350,MERCEDES-BENZ,1
1071,Excursion,FORD,1
1072,B 180,MERCEDES-BENZ,1
1073,Discovery Sport,LAND ROVER,1
1074,CLA 180,MERCEDES-BENZ,1
1075,E 550,MERCEDES-BENZ,1
1076,CLS 450,MERCEDES-BENZ,1
1077,CLA 45 AMG,MERCEDES-BENZ,1
1078,Freestar,FORD,1
1079,M4,BMW,1
1080,UP,VOLKSWAGEN,1
1081,Prius,OPEL,1
1082,CLK 280,MERCEDES-BENZ,1
1083,CLK 240,MERCEDES-BENZ,1
1084,GLK 280,MERCEDES-BENZ,1
1085,LX 500,LEXUS,1
1086,Sai,TOYOTA,1
1087,Rapid,SKODA,1
1088,Space Gear,MITSUBISHI,1
1089,H100,HYUNDAI,1
1090,Captur,RENAULT,1
1091,Avantime,RENAULT,1
1092,Inca,SEAT,1
1093,Dart,DODGE,1
1094,Palisade,HYUNDAI,1
1095,2101,VAZ,1
1096,NX 250,LEXUS,1
1097,CX-30,MAZDA,1
1098,635,BMW,1
1099,Ascent,SUBARU,1
1100,B-MAX,FORD,1
1101,Continental,LINCOLN,1
1102,Defender,LAND ROVER,1
1103,Linea,FIAT,1
1104,Seltos,KIA,1
1105,Telluride,KIA,1
1106,AMG GT S,MERCEDES-BENZ,1
1107,CLK 350,MERCEDES-BENZ,1
1108,ATS,CADILLAC,1
1109,Electra Glide,HARLEY-DAVIDSON,3
1110,Dyna Super Glide,HARLEY-DAVIDSON,3
1111,MT-01,YAMAHA,3
1112,CR 250R,HONDA,3
1113,Giulia,ALFA ROMEO,1
1114,LS 500,LEXUS,1
1115,LATIO,NISSAN,1
1116,GT,FORD,1
1117,Boxster,PORSCHE,1
1118,M2,GREATWALL,1
1119,H3,GREATWALL,1
1120,H6,GREATWALL,1
1121,Wingle 5,GREATWALL,1
1122,GS-F,LEXUS,1
1123,County,HYUNDAI,1
1124,HD65,HYUNDAI,1
1125,HD,HYUNDAI,1
1126,Diamante,MITSUBISHI,1
1127,GT-R,NISSAN,1
1128,Mustang Mach-E,FORD,1
1129,Altea,SEAT,1
1130,GL 320,MERCEDES-BENZ,1
1131,GL 63 AMG,MERCEDES-BENZ,1
1132,Acty Van,HONDA,1
1133,S-Coupe,HYUNDAI,1
1134,I35,HYUNDAI,1
1135,Veracruz,HYUNDAI,1
1136,IX55,HYUNDAI,1
1137,500C,FIAT,1
1138,Mobilio,HONDA,1
1139,Avenger,DODGE,1
1140,Magnum,DODGE,1
1141,MAX,DAIHATSU,1
1142,Palio,FIAT,1
1143,Regata,FIAT,1
1144,Ritmo,FIAT,1
1145,Sedici,FIAT,1
1146,Siena,FIAT,1
1147,Strada,FIAT,1
1148,RC 200T,LEXUS,1
1149,RC 200T F Sport,LEXUS,1
1150,Barchetta,FIAT,1
1151,Ulysse,FIAT,1
1152,UNO,FIAT,1
1153,Capri,FORD,1
1154,Consul,FORD,1
1155,Cargo,FORD,1
1156,EcoSport,FORD,1
1157,Inspire,HONDA,1
1158,Granada,FORD,1
1159,Probe,FORD,1
1160,Sport KA,FORD,1
1161,Tempo,FORD,1
1162,Beretta,CHEVROLET,1
1163,Colorado,CHEVROLET,1
1164,416,ROVER,1
1165,Aztek,PONTIAC,1
1166,G3,PONTIAC,1
1167,G8,PONTIAC,1
1168,Grand AM,PONTIAC,1
1169,Grand Prix,PONTIAC,1
1170,GTO,PONTIAC,1
1171,Montana,PONTIAC,1
1172,Sunbird,PONTIAC,1
1173,Sunfire,PONTIAC,1
1174,Torrent,PONTIAC,1
1175,Allion,TOYOTA,1
1176,Blizzard,TOYOTA,1
1177,Mega Cruiser,TOYOTA,1
1178,Probox,TOYOTA,1
1179,Opa,TOYOTA,1
1180,Pronard,TOYOTA,1
1181,Scepter,TOYOTA,1
1182,Sera,TOYOTA,1
1183,Starlet,TOYOTA,1
1184,Tercel,TOYOTA,1
1185,Vanguard,TOYOTA,1
1186,Vios,TOYOTA,1
1187,Cappuccino,SUZUKI,1
1188,Dingo,SUZUKI,1
1189,Grand Escudo,SUZUKI,1
1190,Solio,SUZUKI,1
1191,Domingo,SUBARU,1
1192,Libero,SUBARU,1
1193,Traviq,SUBARU,1
1194,Vivio,SUBARU,1
1195,Stella,SUBARU,1
1196,Trezia,SUBARU,1
1197,Allex,TOYOTA,1
1198,iM,SCION,1
1199,Voltz,TOYOTA,1
1200,Range Rover Velar,LAND ROVER,1
1201,SC 400,LEXUS,1
1202,SC 430,LEXUS,1
1203,SC 300,LEXUS,1
1204,LS 500h,LEXUS,1
1205,RX 270,LEXUS,1
1206,NX 350,LEXUS,1
1207,RX 500,LEXUS,1
1208,NX 450,LEXUS,1
1209,Avanza,TOYOTA,1
1210,corrolla,TOYOTA,1
1211,Corolla cross,TOYOTA,1
1212,Corola Verso,TOYOTA,1
1213,Yaris verso,TOYOTA,1
1214,Avensis Verso,TOYOTA,1
1215,Scion,TOYOTA,1
1216,Grand Highlander,TOYOTA,1
1217,3200,MASERATI,1
1218,4200,MASERATI,1
1219,Platz,TOYOTA,1
1220,FXR 150,FORD,1
1221,SLK 250,MERCEDES-BENZ,1
1222,SLK 55 AMG,MERCEDES-BENZ,1
1223,Cirrus,CHRYSLER,1
1224,Gloria,NISSAN,1
1225,Tico,DAEWOO,1
1226,GT,ALFA ROMEO,1
1227,SVX,SUBARU,1
1228,i8,BMW,1
1229,Attrage,MITSUBISHI,1
1230,Every Landy,SUZUKI,1
1231,Winstorm,DAEWOO,1
1232,Joice,KIA,1
1233,Will Vs,TOYOTA,1
1234,208,MERCEDES-BENZ,1
1235,Cross,SUZUKI,1
1236,E 210,MERCEDES-BENZ,1
1237,DTS,CADILLAC,1
1238,CLS 65,MERCEDES-BENZ,1
1239,CLS 53 AMG,MERCEDES-BENZ,1
1240,Encore,BUICK,1
1241,I,MITSUBISHI,1
1242,E 36 AMG,MERCEDES-BENZ,1
1243,Bolt EV,CHEVROLET,1
1244,Lanos,CHEVROLET,1
1245,Partner,HONDA,1
1246,Zest Park,HONDA,1
1247,Spike,HONDA,1
1248,Spark,HONDA,1
1249,Santamo,HYUNDAI,1
1250,Avante,HYUNDAI,1
1251,Avella,KIA,1
1252,Capital,KIA,1
1253,Enterprise,KIA,1
1254,Opirus,KIA,1
1255,Pregio,KIA,1
1256,Sephia,KIA,1
1257,Shuma,KIA,1
1258,Frontier,KIA,1
1259,Capella,MAZDA,1
1260,Aspire,MITSUBISHI,1
1261,Libero,MITSUBISHI,1
1262,Santamo,MITSUBISHI,1
1263,Tredia,MITSUBISHI,1
1264,Pajero Junior,MITSUBISHI,1
1265,Pajero Mini,MITSUBISHI,1
1266,Brevis,TOYOTA,1
1267,G25,INFINITI,1
1268,Porte,TOYOTA,1
1269,RX 7,MAZDA,1
1270,Life,HONDA,1
1271,Logo,HONDA,1
1272,Prelude,HONDA,1
1273,Dingo,MITSUBISHI,1
1274,Solo,HONDA,1
1275,Pony,HYUNDAI,1
1276,Legend,ACURA,1
1277,Vanette,NISSAN,1
1278,Coaster,TOYOTA,1
1279,Laurel,NISSAN,1
1280,Q8,AUDI,1
1281,Grand Tourizmo,MASERATI,1
1282,405,PEUGEOT,1
1283,Alero,CHEVROLET,1
1284,Roox,NISSAN,1
1285,Mirai,TOYOTA,1
1286,Viva,CHEVROLET,1
1287,Viper,DODGE,1
1288,Acty Truck,HONDA,1
1289,Visto,KIA,1
1290,Stinger,KIA,1
1291,Rasheen,NISSAN,1
1292,Silvia,NISSAN,1
1293,LT,VOLKSWAGEN,1
1294,1007,PEUGEOT,1
1295,Vario,MERCEDES-BENZ,1
1296,Express,RENAULT,1
1297,C1,CITROEN,1
1298,107,PEUGEOT,1
1299,V 250,MERCEDES-BENZ,1
1300,TLX,ACURA,1
1301,GL 420,MERCEDES-BENZ,1
1302,GLC 63 AMG,MERCEDES-BENZ,1
1303,Q2,AUDI,1
1304,KODIAQ,SKODA,1
1305,Suburban,CHEVROLET,1
1306,Comanche,JEEP,1
1307,Bravada,OLDSMOBILE,1
1308,Rainier,BUICK,1
1309,Astra,SATURN,1
1310,Enclave,BUICK,1
1311,Outlook,SATURN,1
1312,Milan,MERCURY,1
1313,SSR,CHEVROLET,1
1314,V50,VOLVO,1
1315,CX-50,MAZDA,1
1316,Delica Van,MITSUBISHI,1
1317,Eclipse Cross,MITSUBISHI,1
1318,CL,ACURA,1
1319,R Nessa,NISSAN,1
1320,Advan,NISSAN,1
1321,Baja,SUBARU,1
1322,Monte Carlo,CHEVROLET,1
1323,Van express,CHEVROLET,1
1324,996,PORSCHE,1
1325,Temsa L200,MITSUBISHI,1
1326,Cima,NISSAN,1
1327,Fit Aria,HONDA,1
1328,X-90,SUZUKI,1
1329,GLA 45 AMG,MERCEDES-BENZ,1
1330,Levante,MASERATI,1
1331,Yeti,SKODA,1
1332,Gladiator,JEEP,1
1333,SLK 32 AMG,MERCEDES-BENZ,1
1334,2500,CHEVROLET,1
1335,3500,CHEVROLET,1
1336,Savana,GMC,1
1337,Sierra,GMC,1
1338,55111,KAMAZ,2
1339,ID.4,VOLKSWAGEN,1
1340,GLB 250,MERCEDES-BENZ,1
1341,E-pace,JAGUAR,1
1342,Torneo,HONDA,1
1343,Phaeton,VOLKSWAGEN,1
1344,Amarok,VOLKSWAGEN,1
1345,Atlas,VOLKSWAGEN,1
1346,Sambar,SUBARU,1
1347,Sambar Truck,SUBARU,1
1348,Zafira,CHEVROLET,1
1349,CL 63 AMG,MERCEDES-BENZ,1
1350,Rendezvous,BUICK,1
1351,F350,FORD,1
1352,Allante,CADILLAC,1
1353,Brougham,CADILLAC,1
1354,Catera,CADILLAC,1
1355,Eldorado,CADILLAC,1
1356,Evoq,CADILLAC,1
1357,Vizon,CADILLAC,1
1358,XLR,CADILLAC,1
1359,ELR,CADILLAC,1
1360,XTS,CADILLAC,1
1361,ATS-V,CADILLAC,1
1362,ct6,CADILLAC,1
1363,Ct5,CADILLAC,1
1364,Ct4,CADILLAC,1
1365,Xt4,CADILLAC,1
1366,Fleetwood,CADILLAC,1
1367,Town BOX,MITSUBISHI,1
1368,Crossland X,OPEL,1
1369,Mokka,OPEL,1
1370,Centennial,HYUNDAI,1
1371,Dynasty,HYUNDAI,1
1372,Stellar,HYUNDAI,1
1373,XG,HYUNDAI,1
1374,Mighty,HYUNDAI,1
1375,Chorus,HYUNDAI,1
1376,Porter,HYUNDAI,1
1377,Lavita,HYUNDAI,1
1378,Equus,HYUNDAI,1
1379,R220LC-9S,HYUNDAI,1
1380,HL 740,HYUNDAI,1
1381,venue,HYUNDAI,1
1382,Concord,KIA,1
1383,Potentia,KIA,1
1384,Retona,KIA,1
1385,Roadster,KIA,1
1386,Leo,KIA,1
1387,ProCeed,KIA,1
1388,Bistro,SUBARU,1
1389,AMG GT,MERCEDES-BENZ,1
1390,RL,ACURA,1
1391,F-type,JAGUAR,1
1392,XT,SUBARU,1
1393,E 290,MERCEDES-BENZ,1
1394,F10,BMW,1
1395,C 32 AMG,MERCEDES-BENZ,1
1396,SLK 280,MERCEDES-BENZ,1
1397,Metris,MERCEDES-BENZ,1
1398,CLS 400,MERCEDES-BENZ,1
1399,MKC,LINCOLN,1
1400,MKS,LINCOLN,1
1401,929,MAZDA,1
1402,Will Vi,TOYOTA,1
1403,Delica D2,MITSUBISHI,1
1404,C 30 AMG,MERCEDES-BENZ,1
1405,C 55 AMG,MERCEDES-BENZ,1
1406,E 50,MERCEDES-BENZ,1
1407,E 55,MERCEDES-BENZ,1
1408,E 420,MERCEDES-BENZ,1
1409,E 190,MERCEDES-BENZ,1
1410,GLS 580,MERCEDES-BENZ,1
1411,XE,JAGUAR,1
1412,R 63 AMG,MERCEDES-BENZ,1
1413,M1,BMW,1
1414,M235,BMW,1
1415,M135,BMW,1
1416,M550,BMW,1
1417,M2,BMW,1
1418,850,BMW,1
1419,CL 180,MERCEDES-BENZ,1
1420,CL 200,MERCEDES-BENZ,1
1421,CL 220,MERCEDES-BENZ,1
1422,CL 230,MERCEDES-BENZ,1
1423,CL 420,MERCEDES-BENZ,1
1424,CLK 55 AMG,MERCEDES-BENZ,1
1425,CLK 63 AMG,MERCEDES-BENZ,1
1426,CLK 430,MERCEDES-BENZ,1
1427,G 65 AMG,MERCEDES-BENZ,1
1428,CLK 550,MERCEDES-BENZ,1
1429,K9,KIA,1
1430,S 260,MERCEDES-BENZ,1
1431,S 250,MERCEDES-BENZ,1
1432,S 580,MERCEDES-BENZ,1
1433,Citan,MERCEDES-BENZ,1
1434,LONDGY,DACIA,1
1435,164,ALFA ROMEO,1
1436,Santa Cruz,HYUNDAI,1
1437,H200,HYUNDAI,1
1438,EV6,KIA,1
1439,Mohave,KIA,1
1440,K3,KIA,1
1441,RAY,KIA,1
1442,Morning,KIA,1
1443,Stonic,KIA,1
1444,140,VOLVO,1
1445,164,VOLVO,1
1446,240,VOLVO,1
1447,260,VOLVO,1
1448,340-360,VOLVO,1
1449,480 E,VOLVO,1
1450,66,VOLVO,1
1451,780 Bertone,VOLVO,1
1452,XC40,VOLVO,1
1453,Polestar Xpeng,VOLVO,1
1454,Polestar,VOLVO,1
1455,FM7,VOLVO,1
1456,Daimler,JAGUAR,1
1457,MK II,JAGUAR,1
1458,XJ6,JAGUAR,1
1459,XJ8,JAGUAR,1
1460,XJ12,JAGUAR,1
1461,XJ40,JAGUAR,1
1462,XJR,JAGUAR,1
1463,XK,JAGUAR,1
1464,E-type,JAGUAR,1
1465,XJS Coupe,JAGUAR,1
1466,XJSc Convertible,JAGUAR,1
1467,XJL,JAGUAR,1
1468,I-pace,JAGUAR,1
1469,420G,JAGUAR,1
1470,Willys,JEEP,1
1471,CJ5 - CJ8,JEEP,1
1472,"1500,1600 Schtufenheck",VOLKSWAGEN,1
1473,181,VOLKSWAGEN,1
1474,411412,VOLKSWAGEN,1
1475,Caravelle,VOLKSWAGEN,1
1476,D1,VOLKSWAGEN,1
1477,Derby,VOLKSWAGEN,1
1478,Iltis,VOLKSWAGEN,1
1479,Kaefer,VOLKSWAGEN,1
1480,Pointer,VOLKSWAGEN,1
1481,Santana,VOLKSWAGEN,1
1482,Scirocco,VOLKSWAGEN,1
1483,Taro,VOLKSWAGEN,1
1484,W12,VOLKSWAGEN,1
1485,Eurovan,VOLKSWAGEN,1
1486,Buggy,VOLKSWAGEN,1
1487,Kafer,VOLKSWAGEN,1
1488,T1,VOLKSWAGEN,1
1489,T2,VOLKSWAGEN,1
1490,T3,VOLKSWAGEN,1
1491,XL1,VOLKSWAGEN,1
1492,E-Lavida,VOLKSWAGEN,1
1493,E-Tharu,VOLKSWAGEN,1
1494,ID6,VOLKSWAGEN,1
1495,ID3,VOLKSWAGEN,1
1496,222,MASERATI,1
1497,224,MASERATI,1
1498,228,MASERATI,1
1499,418,MASERATI,1
1500,420,MASERATI,1
1501,422,MASERATI,1
1502,424,MASERATI,1
1503,430,MASERATI,1
1504,Biturbo,MASERATI,1
1505,Gransport,MASERATI,1
1506,Indy,MASERATI,1
1507,Karif,MASERATI,1
1508,MC12,MASERATI,1
1509,Merak,MASERATI,1
1510,Shamal,MASERATI,1
1511,Spyder,MASERATI,1
1512,granturismo,MASERATI,1
1513,100 NX,NISSAN,1
1514,200 SX,NISSAN,1
1515,280 Zx,NISSAN,1
1516,Avenir,NISSAN,1
1517,Cherry,NISSAN,1
1518,Crew,NISSAN,1
1519,Largo,NISSAN,1
1520,Leopard,NISSAN,1
1521,Lucino,NISSAN,1
1522,Moco,NISSAN,1
1523,Presea,NISSAN,1
1524,Primastar,NISSAN,1
1525,Stanza,NISSAN,1
1526,Figaro,NISSAN,1
1527,Evalia,NISSAN,1
1528,Clipper,NISSAN,1
1529,Pixo,NISSAN,1
1530,CARAVAN,NISSAN,1
1531,Sylphy,NISSAN,1
1532,Otti,NISSAN,1
1533,Mistral,NISSAN,1
1534,Desert Thunder,NISSAN,1
1535,IPL G,INFINITI,1
1536,QX55,INFINITI,1
1537,Range Rover Sport,LAND ROVER,1
1538,NAUTILUS,LINCOLN,1
1539,RX 200T,LEXUS,1
1540,508,PEUGEOT,1
1541,xA,SCION,1
1542,iQ,SCION,1
1543,200,AUDI,1
1544,50,AUDI,1
1545,V8,AUDI,1
1546,SQ8,AUDI,1
1547,e-tron,AUDI,1
1548,RSQ8,AUDI,1
1549,725,BMW,1
1550,M340,BMW,1
1551,250,MERCEDES-BENZ,1
1552,270,MERCEDES-BENZ,1
1553,280,MERCEDES-BENZ,1
1554,416,MERCEDES-BENZ,1
1555,420,MERCEDES-BENZ,1
1556,B 150,MERCEDES-BENZ,1
1557,AMG GT C,MERCEDES-BENZ,1
1558,AMG GT R,MERCEDES-BENZ,1
1559,308 CDI,MERCEDES-BENZ,1
1560,AMG 43,MERCEDES-BENZ,1
1561,SL 63,MERCEDES-BENZ,1
1562,190C,MERCEDES-BENZ,1
1563,190DC,MERCEDES-BENZ,1
1564,AMG GT 63,MERCEDES-BENZ,1
1565,AT,ARCFOX,1
1566,Avancier,HONDA,1
1567,Orthia,HONDA,1
1568,Quintet,HONDA,1
1569,Sm-x,HONDA,1
1570,Vigor,HONDA,1
1571,CBF 500,HONDA,1
1572,Clarity,HONDA,1
1573,N-ONE,HONDA,1
1574,S660,HONDA,1
1575,Rebel cmx1100,HONDA,1
1576,Jade,HONDA,1
1577,N-box,HONDA,1
1578,Verna,HYUNDAI,1
1579,Casper,HYUNDAI,1
1580,K7,KIA,1
1581,M440,BMW,1
1582,M850,BMW,1
1583,220,MERCEDES-BENZ,1
1584,300,MERCEDES-BENZ,1
1585,380,MERCEDES-BENZ,1
1586,C 202,MERCEDES-BENZ,1
1587,Daytona Shelby,CHRYSLER,1
1588,LE Baron,CHRYSLER,1
1589,LHS,CHRYSLER,1
1590,NEW Yorker,CHRYSLER,1
1591,Prowler,CHRYSLER,1
1592,Viper,CHRYSLER,1
1593,Vision,CHRYSLER,1
1594,Crossfire,CHRYSLER,1
1595,Ypsilon,CHRYSLER,1
1596,Imperial,CHRYSLER,1
1597,Cultus Wagon,SUZUKI,1
1598,LJ 80,SUZUKI,1
1599,MR Wagon,SUZUKI,1
1600,SJ 410,SUZUKI,1
1601,SJ 413,SUZUKI,1
1602,Reno,SUZUKI,1
1603,CERVO,SUZUKI,1
1604,Verona,SUZUKI,1
1605,Celerio,SUZUKI,1
1606,IK-2,SUZUKI,1
1607,HUSTLER,SUZUKI,1
1608,Landy,SUZUKI,1
1609,Lapin,SUZUKI,1
1610,Palette,SUZUKI,1
1611,APV,SUZUKI,1
1612,200,MERCEDES-BENZ,1
1613,AMG GT 53,MERCEDES-BENZ,1
1614,NV 100,NISSAN,1
